/*
SQLyog Ultimate v8.32 
MySQL - 5.6.22-log : Database - peiqi
*********************************************************************
*/

/*!40101 SET NAMES utf8 */;

/*!40101 SET SQL_MODE=''*/;

/*!40014 SET @OLD_UNIQUE_CHECKS=@@UNIQUE_CHECKS, UNIQUE_CHECKS=0 */;
/*!40014 SET @OLD_FOREIGN_KEY_CHECKS=@@FOREIGN_KEY_CHECKS, FOREIGN_KEY_CHECKS=0 */;
/*!40101 SET @OLD_SQL_MODE=@@SQL_MODE, SQL_MODE='NO_AUTO_VALUE_ON_ZERO' */;
/*!40111 SET @OLD_SQL_NOTES=@@SQL_NOTES, SQL_NOTES=0 */;
CREATE DATABASE /*!32312 IF NOT EXISTS*/`peiqi` /*!40100 DEFAULT CHARACTER SET utf8 */;

USE `peiqi`;

/*Table structure for table `adminuser` */

DROP TABLE IF EXISTS `adminuser`;

CREATE TABLE `adminuser` (
  `uid` int(11) NOT NULL AUTO_INCREMENT,
  `username` varchar(255) DEFAULT NULL,
  `password` varchar(255) DEFAULT NULL,
  PRIMARY KEY (`uid`)
) ENGINE=InnoDB DEFAULT CHARSET=utf8;

/*Data for the table `adminuser` */

/*Table structure for table `category` */

DROP TABLE IF EXISTS `category`;

CREATE TABLE `category` (
  `cid` int(11) NOT NULL AUTO_INCREMENT,
  `cname` varchar(255) DEFAULT NULL,
  PRIMARY KEY (`cid`)
) ENGINE=InnoDB AUTO_INCREMENT=9 DEFAULT CHARSET=utf8;

/*Data for the table `category` */

insert  into `category`(`cid`,`cname`) values (1,'女装男装'),(2,'鞋靴箱包'),(3,'运动户外'),(4,'珠宝配饰'),(5,'手机数码'),(6,'家电办公'),(7,'护肤彩妆'),(8,'娱乐健身');

/*Table structure for table `categorysecond` */

DROP TABLE IF EXISTS `categorysecond`;

CREATE TABLE `categorysecond` (
  `csid` int(11) NOT NULL AUTO_INCREMENT,
  `csname` varchar(255) DEFAULT NULL,
  `cid` int(11) DEFAULT NULL,
  PRIMARY KEY (`csid`),
  KEY `FKh1rpx0qlb42dq81f2v1ow5oqh` (`cid`)
) ENGINE=InnoDB AUTO_INCREMENT=37 DEFAULT CHARSET=utf8;

/*Data for the table `categorysecond` */

insert  into `categorysecond`(`csid`,`csname`,`cid`) values (1,'潮流女装',1),(2,'初冬羽绒',1),(3,'毛呢大衣',1),(4,'温暖毛衣',1),(5,'精选男装',1),(6,'冬季外套',1),(7,'羽绒服',1),(9,'女鞋',2),(10,'短靴',2),(11,'男鞋',2),(12,'女包',2),(13,'男包',2),(14,'服饰配件',2),(15,'运动鞋',3),(16,'运动服',3),(17,'户外运动',3),(18,'健身装备',3),(19,'骑行装备',3),(20,'珠宝首饰',4),(21,'时尚饰品',4),(22,'品质手表',4),(23,'眼镜配饰',4),(24,'手机',5),(25,'平板',5),(26,'电脑',5),(27,'相机',5),(28,'大家电',6),(29,'厨房电器',6),(30,'生活电器',6),(31,'个户电器',6),(32,'办公耗材',6),(33,'美容护肤',7),(34,'强效保养',7),(35,'超值彩妆',7),(36,'换季保养',7);

/*Table structure for table `orderitem` */

DROP TABLE IF EXISTS `orderitem`;

CREATE TABLE `orderitem` (
  `itemid` int(11) NOT NULL AUTO_INCREMENT,
  `count` int(11) DEFAULT NULL,
  `subtotal` double DEFAULT NULL,
  `oid` varchar(255) DEFAULT NULL,
  `pid` int(11) DEFAULT NULL,
  PRIMARY KEY (`itemid`),
  KEY `FK3933auil4yrjm19ay5e6hqh5r` (`oid`),
  KEY `FKt46aaoxdwtns0rq58w0papv91` (`pid`)
) ENGINE=InnoDB AUTO_INCREMENT=177 DEFAULT CHARSET=utf8;

/*Data for the table `orderitem` */

insert  into `orderitem`(`itemid`,`count`,`subtotal`,`oid`,`pid`) values (24,2,396,'638fb7f898714b3791307b19d9fe10fb',21),(25,1,228,'638fb7f898714b3791307b19d9fe10fb',1),(26,2,396,'591c25fc6c5c467f9086bcc9bf41dade',21),(27,2,456,'591c25fc6c5c467f9086bcc9bf41dade',1),(28,1,186,'fb6cc8c28a77473f9233da679c953426',35),(29,1,228,'fb6cc8c28a77473f9233da679c953426',1),(30,1,186,'13bbb4089be84696b4bc57911056a189',35),(31,1,228,'13bbb4089be84696b4bc57911056a189',1),(32,1,186,'f7b0e7470e9b47f98cc5efefa9a7144d',35),(33,1,228,'f7b0e7470e9b47f98cc5efefa9a7144d',1),(34,1,186,'4f083eba78fd4ffd8726212614f11a70',35),(35,1,228,'4f083eba78fd4ffd8726212614f11a70',1),(36,1,186,'cd70be1215dc4f64bc29e70182020634',35),(37,2,456,'cd70be1215dc4f64bc29e70182020634',1),(38,3,684,'94a984b676b64613a682536642ef2379',1),(39,2,372,'94a984b676b64613a682536642ef2379',35),(40,4,912,'957928d730b945d3b4d6767bcfcbe254',1),(41,2,372,'957928d730b945d3b4d6767bcfcbe254',35),(42,1,198,'957928d730b945d3b4d6767bcfcbe254',21),(43,4,912,'a6ab94f967dd4ccabb0cf631fcc48b42',1),(44,2,372,'a6ab94f967dd4ccabb0cf631fcc48b42',35),(45,2,396,'a6ab94f967dd4ccabb0cf631fcc48b42',21),(46,2,456,'91b10baab74f4bc1935e4ef5ceeefa57',1),(47,2,396,'b6e876d135304bb1b6d2e2ea1d67892d',21),(48,1,228,'b6e876d135304bb1b6d2e2ea1d67892d',1),(49,1,186,'b6e876d135304bb1b6d2e2ea1d67892d',35),(50,2,396,'9655ae9b93fd455996e17124913ea06d',21),(51,1,228,'9655ae9b93fd455996e17124913ea06d',1),(52,1,186,'9655ae9b93fd455996e17124913ea06d',35),(53,2,396,'e45a54f48ffd487194c0a9a83d4bbb55',21),(54,1,228,'e45a54f48ffd487194c0a9a83d4bbb55',1),(55,1,186,'e45a54f48ffd487194c0a9a83d4bbb55',35),(56,2,396,'8c5361b183d441deb10c0efdc341c32e',21),(57,1,228,'8c5361b183d441deb10c0efdc341c32e',1),(58,1,186,'8c5361b183d441deb10c0efdc341c32e',35),(59,2,396,'bcd5ebf50cb34099b225dad69bc10fae',21),(60,1,228,'bcd5ebf50cb34099b225dad69bc10fae',1),(61,1,186,'bcd5ebf50cb34099b225dad69bc10fae',35),(62,2,396,'7e2951cf73044b3ba04ec86bc1f04349',21),(63,1,228,'7e2951cf73044b3ba04ec86bc1f04349',1),(64,1,186,'7e2951cf73044b3ba04ec86bc1f04349',35),(65,3,594,'5073a088a3b141f29e53299a6370ca2a',21),(66,1,228,'5073a088a3b141f29e53299a6370ca2a',1),(67,2,372,'5073a088a3b141f29e53299a6370ca2a',35),(68,4,792,'c8308c5516424884a029c853548eb756',21),(69,1,228,'c8308c5516424884a029c853548eb756',1),(70,3,558,'c8308c5516424884a029c853548eb756',35),(71,1,358,'c8308c5516424884a029c853548eb756',42),(72,4,792,'9bd795498e2c41f8b6ab3c1c0353348b',21),(73,2,456,'9bd795498e2c41f8b6ab3c1c0353348b',1),(74,3,558,'9bd795498e2c41f8b6ab3c1c0353348b',35),(75,1,358,'9bd795498e2c41f8b6ab3c1c0353348b',42),(76,5,990,'52cceca7c5f94e5d819bb9bec0fb1629',21),(77,2,456,'52cceca7c5f94e5d819bb9bec0fb1629',1),(78,3,558,'52cceca7c5f94e5d819bb9bec0fb1629',35),(79,1,358,'52cceca7c5f94e5d819bb9bec0fb1629',42),(80,2,396,'fb934399d7fc48d8a974732200b800e2',21),(81,3,684,'fb934399d7fc48d8a974732200b800e2',1),(82,1,186,'fb934399d7fc48d8a974732200b800e2',35),(83,2,396,'6dd5e4bc5c1a453f94e6af07bf8ba787',21),(84,3,684,'6dd5e4bc5c1a453f94e6af07bf8ba787',1),(85,1,186,'6dd5e4bc5c1a453f94e6af07bf8ba787',35),(86,3,594,'c485ac452aca4851b934439088c5bfa0',21),(87,3,684,'c485ac452aca4851b934439088c5bfa0',1),(88,1,186,'c485ac452aca4851b934439088c5bfa0',35),(89,1,198,'307d534bb99d4d578611ab95efb7e7dd',21),(90,2,456,'307d534bb99d4d578611ab95efb7e7dd',1),(91,1,198,'257280d13c72415da4cedec160611539',21),(92,3,684,'257280d13c72415da4cedec160611539',1),(93,1,186,'257280d13c72415da4cedec160611539',41),(94,200,39800,'92712f3aef1747288a8a5caa432edfea',72),(95,100,15000,'92712f3aef1747288a8a5caa432edfea',81),(96,1,199,'cc9461b453404e8286036ccb329b6f43',72),(97,1,7578,'cc9461b453404e8286036ccb329b6f43',73),(98,1,7578,'c2033630b1184554a8e63ffd7f4fe4e0',73),(99,1,138,'1f8898630edb448abf2a16433c5d3071',74),(100,1,150,'4f7e4d5c0f704b50839c234dcfe13a6e',81),(101,1,150,'2fa8712a8e6e4299bb6e73a1df46e774',81),(102,3,414,'2fa8712a8e6e4299bb6e73a1df46e774',74),(103,1,7578,'2fa8712a8e6e4299bb6e73a1df46e774',73),(104,1,150,'9f7efde1ef5c4287ab75ddc6ac53a85a',81),(105,3,414,'9f7efde1ef5c4287ab75ddc6ac53a85a',74),(106,2,15156,'9f7efde1ef5c4287ab75ddc6ac53a85a',73),(107,1,199,'9f7efde1ef5c4287ab75ddc6ac53a85a',72),(108,1,150,'dd0c7e590d4a483caafbf9f8c14df132',81),(109,3,414,'dd0c7e590d4a483caafbf9f8c14df132',74),(110,2,15156,'dd0c7e590d4a483caafbf9f8c14df132',73),(111,1,199,'dd0c7e590d4a483caafbf9f8c14df132',72),(112,1,150,'cabe406b17b74ab3b79ed2671310bd39',81),(113,4,552,'cabe406b17b74ab3b79ed2671310bd39',74),(114,2,15156,'cabe406b17b74ab3b79ed2671310bd39',73),(115,2,398,'cabe406b17b74ab3b79ed2671310bd39',72),(116,1,150,'817c97dac4574dd9bee03986fba2f2d1',81),(117,4,552,'817c97dac4574dd9bee03986fba2f2d1',74),(118,2,15156,'817c97dac4574dd9bee03986fba2f2d1',73),(119,2,398,'817c97dac4574dd9bee03986fba2f2d1',72),(120,1,150,'d367b7cba98b4b3382e9019e33945c54',81),(121,4,552,'d367b7cba98b4b3382e9019e33945c54',74),(122,2,15156,'d367b7cba98b4b3382e9019e33945c54',73),(123,2,398,'d367b7cba98b4b3382e9019e33945c54',72),(124,200,30000,'425173858d794d96a3380da15bf93305',81),(125,200,39800,'425173858d794d96a3380da15bf93305',72),(126,1,590,'ee5981e7babb427aa1af26309d9dd2bd',7),(127,1,138,'ee5981e7babb427aa1af26309d9dd2bd',74),(128,1,155,'ee5981e7babb427aa1af26309d9dd2bd',76),(129,1,199,'ee5981e7babb427aa1af26309d9dd2bd',72),(130,1,590,'c46c0047044e4e4897bf0542e0af725e',7),(131,3,414,'c46c0047044e4e4897bf0542e0af725e',74),(132,2,310,'c46c0047044e4e4897bf0542e0af725e',76),(133,4,796,'c46c0047044e4e4897bf0542e0af725e',72),(134,800,120000,'c46c0047044e4e4897bf0542e0af725e',81),(135,2,24,'c46c0047044e4e4897bf0542e0af725e',79),(136,1,9900,'c46c0047044e4e4897bf0542e0af725e',13),(137,2,300,'4ce8ec0b06864833b5980c591ead9658',81),(138,2,398,'4ce8ec0b06864833b5980c591ead9658',72),(139,1,12,'4ce8ec0b06864833b5980c591ead9658',79),(140,1,9900,'4ce8ec0b06864833b5980c591ead9658',13),(141,1,54,'4ce8ec0b06864833b5980c591ead9658',80),(142,2,276,'4ce8ec0b06864833b5980c591ead9658',74),(143,200,30000,'447a818e56544cf7a4f67fc0fec5a4c5',81),(144,1,199,'447a818e56544cf7a4f67fc0fec5a4c5',72),(145,1,12,'447a818e56544cf7a4f67fc0fec5a4c5',79),(146,1,9900,'447a818e56544cf7a4f67fc0fec5a4c5',13),(147,2,108,'447a818e56544cf7a4f67fc0fec5a4c5',80),(148,400,60000,'c77a030a58194d1198c90474d64526c4',81),(149,201,39999,'c77a030a58194d1198c90474d64526c4',72),(150,2,24,'c77a030a58194d1198c90474d64526c4',79),(151,2,19800,'c77a030a58194d1198c90474d64526c4',13),(152,2,108,'c77a030a58194d1198c90474d64526c4',80),(153,200,30000,'44aa2b8071b74758808511f612360716',81),(154,1,199,'44aa2b8071b74758808511f612360716',72),(155,1,12,'44aa2b8071b74758808511f612360716',79),(156,1,9900,'44aa2b8071b74758808511f612360716',13),(157,1,138,'44aa2b8071b74758808511f612360716',74),(158,400,60000,'d2fa4726f50846a0ba6365287e7a166b',81),(159,4,796,'d2fa4726f50846a0ba6365287e7a166b',72),(160,2,24,'d2fa4726f50846a0ba6365287e7a166b',79),(161,2,19800,'d2fa4726f50846a0ba6365287e7a166b',13),(162,1,138,'d2fa4726f50846a0ba6365287e7a166b',74),(163,1,12,'51ee4f31742f4eacadacc0877dd36f09',79),(164,2,24,'648a1998d3654d07b53773581b8399e9',79),(165,1,12,'5f39b06d438949389dc59da54b3ae317',79),(166,2,24,'75c1d2a17f6c40d2ae1553210b5eb641',79),(167,1,150,'ad857b09cc7b468bbca07ced77cecc48',81),(168,2,300,'b2034d7a96d741a7818d27162ee82f72',81),(169,3,450,'9384e8bf4c4240de9cd8cbcdeed8d46c',81),(170,4,600,'80926877a42e4e4696baf98ccdd4ef09',81),(171,1204,180600,'e7ef21ffbba34b6c89a4521ce95bc1e9',81),(172,1,199,'e7ef21ffbba34b6c89a4521ce95bc1e9',72),(173,1,12,'e7ef21ffbba34b6c89a4521ce95bc1e9',79),(174,1,138,'e7ef21ffbba34b6c89a4521ce95bc1e9',74),(175,1,9900,'e7ef21ffbba34b6c89a4521ce95bc1e9',13),(176,2,310,'e7ef21ffbba34b6c89a4521ce95bc1e9',76);

/*Table structure for table `orders` */

DROP TABLE IF EXISTS `orders`;

CREATE TABLE `orders` (
  `oid` varchar(255) DEFAULT NULL,
  `addr` varchar(255) DEFAULT NULL,
  `name` varchar(255) DEFAULT NULL,
  `phone` varchar(255) DEFAULT NULL,
  `state` int(11) DEFAULT NULL,
  `total` double DEFAULT NULL,
  `ordertime` datetime DEFAULT NULL,
  `uid` int(11) DEFAULT NULL,
  KEY `FK58x4l9shxmkb7pismj4ilt7pj` (`uid`)
) ENGINE=InnoDB DEFAULT CHARSET=utf8;

/*Data for the table `orders` */

insert  into `orders`(`oid`,`addr`,`name`,`phone`,`state`,`total`,`ordertime`,`uid`) values ('638fb7f898714b3791307b19d9fe10fb',NULL,'王文昊',NULL,1,624,'2018-05-10 22:25:37',1),('591c25fc6c5c467f9086bcc9bf41dade',NULL,'王文昊',NULL,1,852,'2018-05-10 22:30:56',1),('fb6cc8c28a77473f9233da679c953426',NULL,'王文昊',NULL,1,414,'2018-05-11 08:10:13',1),('13bbb4089be84696b4bc57911056a189',NULL,'王文昊',NULL,1,414,'2018-05-11 08:12:31',1),('f7b0e7470e9b47f98cc5efefa9a7144d',NULL,'王文昊',NULL,1,414,'2018-05-11 08:14:10',1),('4f083eba78fd4ffd8726212614f11a70',NULL,NULL,NULL,1,414,'2018-05-11 08:41:59',1),('cd70be1215dc4f64bc29e70182020634','张家口','王文昊','110',1,642,'2018-05-11 08:44:03',1),('94a984b676b64613a682536642ef2379','张家口','王文昊','110',1,1056,'2018-05-11 09:38:15',1),('957928d730b945d3b4d6767bcfcbe254',NULL,NULL,NULL,1,1482,'2018-05-11 09:44:26',1),('a6ab94f967dd4ccabb0cf631fcc48b42','张家口','王文昊','110',1,1680,'2018-05-11 09:48:20',1),('91b10baab74f4bc1935e4ef5ceeefa57','张家口','王文昊','110',1,456,'2018-05-11 09:59:21',1),('b6e876d135304bb1b6d2e2ea1d67892d',NULL,NULL,NULL,1,810,'2018-05-11 10:14:23',1),('9655ae9b93fd455996e17124913ea06d',NULL,NULL,NULL,1,810,'2018-05-11 10:15:31',1),('e45a54f48ffd487194c0a9a83d4bbb55',NULL,NULL,NULL,1,810,'2018-05-11 10:16:33',1),('8c5361b183d441deb10c0efdc341c32e',NULL,NULL,NULL,1,810,'2018-05-11 10:17:03',1),('bcd5ebf50cb34099b225dad69bc10fae',NULL,NULL,NULL,1,810,'2018-05-11 10:17:08',1),('7e2951cf73044b3ba04ec86bc1f04349','张家口','王文昊','110',1,810,'2018-05-11 10:17:12',1),('5073a088a3b141f29e53299a6370ca2a','张家口','王文昊','110',1,1194,'2018-05-11 10:20:27',1),('c8308c5516424884a029c853548eb756','张家口','王文昊','110',1,1936,'2018-05-11 10:21:04',1),('9bd795498e2c41f8b6ab3c1c0353348b',NULL,NULL,NULL,1,2164,'2018-05-11 10:22:07',1),('52cceca7c5f94e5d819bb9bec0fb1629',NULL,NULL,NULL,1,2362,'2018-05-11 10:23:18',1),('fb934399d7fc48d8a974732200b800e2',NULL,NULL,NULL,1,1266,'2018-05-11 10:38:41',1),('6dd5e4bc5c1a453f94e6af07bf8ba787',NULL,NULL,NULL,1,1266,'2018-05-11 10:39:06',1),('c485ac452aca4851b934439088c5bfa0','张家口','王文昊','110',1,1464,'2018-05-11 10:40:54',1),('307d534bb99d4d578611ab95efb7e7dd','张家口','王文昊','110',2,654,'2018-05-11 10:53:48',1),('257280d13c72415da4cedec160611539',NULL,NULL,NULL,1,1068,'2018-05-11 10:55:21',1),('92712f3aef1747288a8a5caa432edfea',NULL,NULL,NULL,1,54800,'2018-05-15 08:08:12',3),('cc9461b453404e8286036ccb329b6f43',NULL,NULL,NULL,1,7777,'2018-05-15 08:18:03',3),('c2033630b1184554a8e63ffd7f4fe4e0',NULL,NULL,NULL,1,7578,'2018-05-15 08:20:06',3),('1f8898630edb448abf2a16433c5d3071','','','',2,138,'2018-05-15 08:29:47',3),('4f7e4d5c0f704b50839c234dcfe13a6e',NULL,NULL,NULL,1,150,'2018-05-15 08:37:23',3),('2fa8712a8e6e4299bb6e73a1df46e774',NULL,NULL,NULL,1,8142,'2018-05-15 08:44:22',3),('9f7efde1ef5c4287ab75ddc6ac53a85a',NULL,NULL,NULL,1,15919,'2018-05-15 08:47:53',3),('dd0c7e590d4a483caafbf9f8c14df132',NULL,NULL,NULL,1,15919,'2018-05-15 08:49:16',3),('cabe406b17b74ab3b79ed2671310bd39',NULL,NULL,NULL,1,16256,'2018-05-15 08:55:43',3),('817c97dac4574dd9bee03986fba2f2d1',NULL,NULL,NULL,1,16256,'2018-05-15 08:57:17',3),('d367b7cba98b4b3382e9019e33945c54','','','',2,16256,'2018-05-15 08:58:30',3),('425173858d794d96a3380da15bf93305','张家口','王文昊','110',2,69800,'2018-05-15 09:43:12',3),('ee5981e7babb427aa1af26309d9dd2bd','双体','王老师','30258210',2,1082,'2018-05-15 10:19:51',4),('c46c0047044e4e4897bf0542e0af725e','双体系','王老师','110',2,132034,'2018-05-15 10:38:06',4),('4ce8ec0b06864833b5980c591ead9658','','','',2,10940,'2018-05-15 10:52:46',4),('447a818e56544cf7a4f67fc0fec5a4c5','张家口','王老师','110',2,40219,'2018-05-15 12:44:39',4),('c77a030a58194d1198c90474d64526c4','双体','王老师','110',2,119931,'2018-05-15 13:00:15',4),('44aa2b8071b74758808511f612360716','','','',2,40249,'2018-05-15 18:48:46',4),('d2fa4726f50846a0ba6365287e7a166b','ewew','qwe','weqwe',2,80758,'2018-05-15 18:56:56',4),('51ee4f31742f4eacadacc0877dd36f09',NULL,NULL,NULL,1,12,'2018-05-15 20:56:44',1),('648a1998d3654d07b53773581b8399e9','','','',2,24,'2018-05-15 20:56:57',1),('5f39b06d438949389dc59da54b3ae317','','','',2,12,'2018-05-15 21:17:32',1),('75c1d2a17f6c40d2ae1553210b5eb641','','','',2,24,'2018-05-15 21:18:37',1),('ad857b09cc7b468bbca07ced77cecc48','','','',2,150,'2018-05-15 21:24:31',4),('b2034d7a96d741a7818d27162ee82f72','','','',2,300,'2018-05-15 21:27:42',4),('9384e8bf4c4240de9cd8cbcdeed8d46c','','','',2,450,'2018-05-15 21:34:21',4),('80926877a42e4e4696baf98ccdd4ef09','','','',2,600,'2018-05-15 21:35:26',4),('e7ef21ffbba34b6c89a4521ce95bc1e9','双体','王老师','110',2,191159,'2018-05-15 21:44:15',4);

/*Table structure for table `product` */

DROP TABLE IF EXISTS `product`;

CREATE TABLE `product` (
  `pid` int(11) NOT NULL AUTO_INCREMENT,
  `pname` varchar(255) DEFAULT NULL,
  `market_price` double DEFAULT NULL,
  `shop_price` double DEFAULT NULL,
  `image` varchar(255) DEFAULT NULL,
  `is_hot` int(11) DEFAULT NULL,
  `pdesc` varchar(255) DEFAULT NULL,
  `pdate` datetime DEFAULT NULL,
  `csid` int(11) DEFAULT NULL,
  PRIMARY KEY (`pid`),
  KEY `FKcobqeq387r4s6we6iyulx1xf6` (`csid`),
  CONSTRAINT `FKcobqeq387r4s6we6iyulx1xf6` FOREIGN KEY (`csid`) REFERENCES `categorysecond` (`csid`)
) ENGINE=InnoDB AUTO_INCREMENT=82 DEFAULT CHARSET=utf8;

/*Data for the table `product` */

insert  into `product`(`pid`,`pname`,`market_price`,`shop_price`,`image`,`is_hot`,`pdesc`,`pdate`,`csid`) values (1,'韩版连帽加厚毛衣女外套',558,228,'products/1/cs10001.jpg',0,'双11限量200件，拍完下架，加车享优惠，早下手早发货。。秋冬个性中长款毛衣，美丽和温度同在！限量供应，拒绝撞衫！迫于纱线和人工在不断上涨的双重压力下，产品涨价在即！少量现货出售中，手快有，手慢等哦，赶紧抢哦，绝对高大上。','2014-11-02 20:18:00',1),(2,'女装立领长袖拼接PU皮毛呢外套',436,172,'products/1/cs10002.jpg',0,'【现在拍下并支付定金，即可获得双12当天10元无门槛优惠券一张。注：只限有预付定金款~优惠券统一在12月11号发放】 毛呢外套 整洁干练的长款版型 整个肩部给予皮绒拼接 与毛呢一起撑起品质感 立领 长袖 肩部往下做流行加层拼接 一粒扣收合门襟 特意做的夹棉里层（袖里无） 不必再畏惧冷冽寒风','2014-11-04 20:18:00',1),(3,'韩版女装翻领羔绒夹棉格子毛呢外套',238,119,'products/1/cs10003.jpg',0,'外套款。 称为棉衣也不为过 或者因为它的表层毛呢　称呼为毛呢外套 ｙａｎｇ　羔绒位于翻领及袖口 从视觉着手　带来温暖无限 夹棉里衬（袖里也有）再次提升御寒功能 流行元素上　选择红黑格纹理　大气而又经典 金属拉链开叉　插袋自不会少','2014-10-01 20:18:00',1),(4,'韩版女装翻领羔绒夹棉格子毛呢外套',238,119,'products/1/cs10004.jpg',0,'外套款。 称为棉衣也不为过 或者因为它的表层毛呢　称呼为毛呢外套 ｙａｎｇ　羔绒位于翻领及袖口 从视觉着手　带来温暖无限 夹棉里衬（袖里也有）再次提升御寒功能 流行元素上　选择红黑格纹理　大气而又经典 金属拉链开叉　插袋自不会少','2014-12-07 20:18:00',1),(5,'韩版女装翻领羔绒夹棉格子毛呢外套',238,119,'products/1/cs10005.jpg',0,'外套款。 称为棉衣也不为过 或者因为它的表层毛呢　称呼为毛呢外套 ｙａｎｇ　羔绒位于翻领及袖口 从视觉着手　带来温暖无限 夹棉里衬（袖里也有）再次提升御寒功能 流行元素上　选择红黑格纹理　大气而又经典 金属拉链开叉　插袋自不会少','2014-11-02 20:18:00',1),(6,'冬装韩版女装翻领羔绒夹棉格子毛呢外套',238,119,'products/1/cs10006.jpg',0,'外套款。 称为棉衣也不为过 或者因为它的表层毛呢　称呼为毛呢外套 ｙａｎｇ　羔绒位于翻领及袖口 从视觉着手　带来温暖无限 夹棉里衬（袖里也有）再次提升御寒功能 流行元素上　选择红黑格纹理　大气而又经典 金属拉链开叉　插袋自不会少','2014-11-10 15:18:00',1),(7,'新款优雅奢华毛领白鸭绒轻薄羽绒服',1120,590,'products/1/cs10007.jpg',0,'秋冬热卖款，今日特惠！库存有限，卖完即止！喜欢的赶紧出手哦！','2014-11-03 20:18:00',1),(8,'秋冬季毛呢外套女中长款圆领小香风呢子大衣',672,336,'products/1/cs10008.jpg',0,'【双12预售】双12提前开抢，11月24日—12月11日抢先付预付款33.6元，12月12日付剩余尾款，先付先发货，提前引爆双12！！！买就【送】双十二10元无门槛优惠券！！！商家【赠】运费险！！！','2014-11-03 20:18:00',1),(9,'女装貉子毛大衣 时尚修身长袖淑女毛呢外套',238,119,'products/1/cs10009.jpg',0,'秋冬热卖款，今日特惠！库存有限，卖完即止！喜欢的赶紧出手哦！','2014-11-03 20:18:00',1),(10,'修身显瘦淑女针织长袖打底连衣裙女',356,158,'products/1/cs10010.jpg',0,'【1212万能盛典预售抢先购,早买早便宜！】定金15.80元，预售价158.00元，双12价涨价至178.00元!','2014-11-03 20:18:00',1),(11,'整貂皮大衣外套中长款收腰立领长袖进口真皮草裘皮',19800,9900,'products/1/cs20001.jpg',0,'采用100%进口小母貂 毛皮结实柔软毛峰更有光泽 保暖效果极强。　 【正品保证】我们承诺100%整皮水貂 假一罚十 支持验货 无理由退换货 【售后保障】终身免费保养维修','2014-11-03 20:18:00',2),(12,'整貂皮大衣外套中长款收腰立领长袖进口真皮草裘皮',19800,9900,'products/1/cs20002.jpg',0,'采用100%进口小母貂 毛皮结实柔软毛峰更有光泽 保暖效果极强。　 【正品保证】我们承诺100%整皮水貂 假一罚十 支持验货 无理由退换货 【售后保障】终身免费保养维修','2014-11-03 20:18:00',2),(13,'整貂皮大衣外套中长款收腰立领长袖进口真皮草裘皮',19800,9900,'products/1/cs20003.jpg',0,'采用100%进口小母貂 毛皮结实柔软毛峰更有光泽 保暖效果极强。　 【正品保证】我们承诺100%整皮水貂 假一罚十 支持验货 无理由退换货 【售后保障】终身免费保养维修','2014-11-03 20:18:00',2),(14,'整貂皮大衣外套中长款收腰立领长袖进口真皮草裘皮',19800,9900,'products/1/cs20004.jpg',0,'采用100%进口小母貂 毛皮结实柔软毛峰更有光泽 保暖效果极强。　 【正品保证】我们承诺100%整皮水貂 假一罚十 支持验货 无理由退换货 【售后保障】终身免费保养维修','2014-11-03 20:18:00',2),(15,'整貂皮大衣外套中长款收腰立领长袖进口真皮草裘皮',19800,9900,'products/1/cs20005.jpg',0,'采用100%进口小母貂 毛皮结实柔软毛峰更有光泽 保暖效果极强。　 【正品保证】我们承诺100%整皮水貂 假一罚十 支持验货 无理由退换货 【售后保障】终身免费保养维修','2014-11-03 20:18:00',2),(16,'整貂皮大衣外套中长款收腰立领长袖进口真皮草裘皮',19800,9900,'products/1/cs20006.jpg',0,'采用100%进口小母貂 毛皮结实柔软毛峰更有光泽 保暖效果极强。　 【正品保证】我们承诺100%整皮水貂 假一罚十 支持验货 无理由退换货 【售后保障】终身免费保养维修','2014-11-03 20:18:00',2),(17,'整貂皮大衣外套中长款收腰立领长袖进口真皮草裘皮',19800,9900,'products/1/cs20007.jpg',0,'采用100%进口小母貂 毛皮结实柔软毛峰更有光泽 保暖效果极强。　 【正品保证】我们承诺100%整皮水貂 假一罚十 支持验货 无理由退换货 【售后保障】终身免费保养维修','2014-11-03 20:18:00',2),(18,'整貂皮大衣外套中长款收腰立领长袖进口真皮草裘皮',19800,9900,'products/1/cs20008.jpg',0,'采用100%进口小母貂 毛皮结实柔软毛峰更有光泽 保暖效果极强。　 【正品保证】我们承诺100%整皮水貂 假一罚十 支持验货 无理由退换货 【售后保障】终身免费保养维修','2014-11-03 20:18:00',2),(19,'整貂皮大衣外套中长款收腰立领长袖进口真皮草裘皮',19800,9900,'products/1/cs20009.jpg',0,'采用100%进口小母貂 毛皮结实柔软毛峰更有光泽 保暖效果极强。　 【正品保证】我们承诺100%整皮水貂 假一罚十 支持验货 无理由退换货 【售后保障】终身免费保养维修','2014-10-01 20:18:00',2),(20,'中长款貂皮大衣整貂女装',17900,7290,'products/1/cs20010.jpg',0,'采用100%进口小母貂 毛皮结实柔软毛峰更有光泽 保暖效果极强。　 【正品保证】【售后保障】我们承诺100%整皮水貂 假一罚十 支持验货 无理由退换货','2014-11-03 20:18:00',2),(21,'韩版毛呢外套女韩范秋冬装厚中长款冬季呢子',598,198,'products/1/cs30001.png',0,'今年韩国首尔爆款，超高端定制羊毛呢大衣，版型超美，不挑身材，不挑年龄，上身非常漂亮哦，适合任何场合，这个秋冬MM必备款哦。几乎人手一件，美丽时尚的你怎么能少了这件呢，现秋冬预热加十一到来，只需99元包邮，只限今天，今天过后马上涨价，早买早划算哦~','2014-11-03 20:18:00',3),(22,'韩版毛呢外套女韩范秋冬装厚中长款冬季呢子',598,198,'products/1/cs30002.png',0,'今年韩国首尔爆款，超高端定制羊毛呢大衣，版型超美，不挑身材，不挑年龄，上身非常漂亮哦，适合任何场合，这个秋冬MM必备款哦。几乎人手一件，美丽时尚的你怎么能少了这件呢，现秋冬预热加十一到来，只需99元包邮，只限今天，今天过后马上涨价，早买早划算哦~','2014-11-03 20:18:00',3),(23,'韩版毛呢外套女韩范秋冬装厚中长款冬季呢子',598,198,'products/1/cs30003.png',0,'今年韩国首尔爆款，超高端定制羊毛呢大衣，版型超美，不挑身材，不挑年龄，上身非常漂亮哦，适合任何场合，这个秋冬MM必备款哦。几乎人手一件，美丽时尚的你怎么能少了这件呢，现秋冬预热加十一到来，只需99元包邮，只限今天，今天过后马上涨价，早买早划算哦~','2014-11-03 20:18:00',3),(24,'韩版毛呢外套女韩范秋冬装厚中长款冬季呢子',598,198,'products/1/cs30004.png',0,'今年韩国首尔爆款，超高端定制羊毛呢大衣，版型超美，不挑身材，不挑年龄，上身非常漂亮哦，适合任何场合，这个秋冬MM必备款哦。几乎人手一件，美丽时尚的你怎么能少了这件呢，现秋冬预热加十一到来，只需99元包邮，只限今天，今天过后马上涨价，早买早划算哦~','2014-11-03 20:18:00',3),(25,'韩版毛呢外套女韩范秋冬装厚中长款冬季呢子',598,198,'products/1/cs30005.png',0,'今年韩国首尔爆款，超高端定制羊毛呢大衣，版型超美，不挑身材，不挑年龄，上身非常漂亮哦，适合任何场合，这个秋冬MM必备款哦。几乎人手一件，美丽时尚的你怎么能少了这件呢，现秋冬预热加十一到来，只需99元包邮，只限今天，今天过后马上涨价，早买早划算哦~','2014-11-03 20:18:00',3),(26,'韩版毛呢外套女韩范秋冬装厚中长款冬季呢子',598,198,'products/1/cs30006.png',0,'今年韩国首尔爆款，超高端定制羊毛呢大衣，版型超美，不挑身材，不挑年龄，上身非常漂亮哦，适合任何场合，这个秋冬MM必备款哦。几乎人手一件，美丽时尚的你怎么能少了这件呢，现秋冬预热加十一到来，只需99元包邮，只限今天，今天过后马上涨价，早买早划算哦~','2014-11-03 20:18:00',3),(27,'韩版毛呢外套女韩范秋冬装厚中长款冬季呢子',598,198,'products/1/cs30007.png',0,'今年韩国首尔爆款，超高端定制羊毛呢大衣，版型超美，不挑身材，不挑年龄，上身非常漂亮哦，适合任何场合，这个秋冬MM必备款哦。几乎人手一件，美丽时尚的你怎么能少了这件呢，现秋冬预热加十一到来，只需99元包邮，只限今天，今天过后马上涨价，早买早划算哦~','2014-11-03 20:18:00',3),(28,'韩版毛呢外套女韩范秋冬装厚中长款冬季呢子',598,198,'products/1/cs30008.png',0,'今年韩国首尔爆款，超高端定制羊毛呢大衣，版型超美，不挑身材，不挑年龄，上身非常漂亮哦，适合任何场合，这个秋冬MM必备款哦。几乎人手一件，美丽时尚的你怎么能少了这件呢，现秋冬预热加十一到来，只需99元包邮，只限今天，今天过后马上涨价，早买早划算哦~','2014-11-03 20:18:00',3),(29,'韩版毛呢外套女韩范秋冬装厚中长款冬季呢子',598,198,'products/1/cs30009.png',0,'今年韩国首尔爆款，超高端定制羊毛呢大衣，版型超美，不挑身材，不挑年龄，上身非常漂亮哦，适合任何场合，这个秋冬MM必备款哦。几乎人手一件，美丽时尚的你怎么能少了这件呢，现秋冬预热加十一到来，只需99元包邮，只限今天，今天过后马上涨价，早买早划算哦~','2014-11-03 20:18:00',3),(30,'韩版毛呢外套女韩范秋冬装厚中长款冬季呢子',598,198,'products/1/cs30010.png',0,'今年韩国首尔爆款，超高端定制羊毛呢大衣，版型超美，不挑身材，不挑年龄，上身非常漂亮哦，适合任何场合，这个秋冬MM必备款哦。几乎人手一件，美丽时尚的你怎么能少了这件呢，现秋冬预热加十一到来，只需99元包邮，只限今天，今天过后马上涨价，早买早划算哦~','2014-11-10 20:18:00',3),(31,'打底衫加厚修身羊毛衫女装羊绒衫',387,186,'products/1/cs40001.png',0,'本产品 不起球 不掉色 不缩水 是一款贴身必备的厚款羊绒衫 质量保证支持退换','2014-11-03 20:18:00',4),(32,'打底衫加厚修身羊毛衫女装羊绒衫',387,186,'products/1/cs40002.png',0,'本产品 不起球 不掉色 不缩水 是一款贴身必备的厚款羊绒衫 质量保证支持退换','2014-11-03 20:18:00',4),(33,'打底衫加厚修身羊毛衫女装羊绒衫',387,186,'products/1/cs40003.png',0,'本产品 不起球 不掉色 不缩水 是一款贴身必备的厚款羊绒衫 质量保证支持退换','2014-11-03 20:18:00',4),(34,'性感时尚 酷感黑色小圆领露肩修身长袖针织衫',387,186,'products/1/cs40004.jpg',0,'本产品 不起球 不掉色 不缩水 是一款贴身必备的厚款羊绒衫 质量保证支持退换','2014-11-03 20:18:00',4),(35,'韩版黑色打底衫加厚修身羊毛衫女装羊绒衫',387,186,'products/1/cs40005.png',0,'本产品 不起球 不掉色 不缩水 是一款贴身必备的厚款羊绒衫 质量保证支持退换','2014-11-03 20:18:00',4),(36,'韩版黑色打底衫加厚修身羊毛衫女装羊绒衫',387,186,'products/1/cs40006.png',0,'本产品 不起球 不掉色 不缩水 是一款贴身必备的厚款羊绒衫 质量保证支持退换','2014-11-03 20:18:00',4),(37,'韩版黑色打底衫加厚修身羊毛衫女装羊绒衫',387,186,'products/1/cs40007.png',0,'本产品 不起球 不掉色 不缩水 是一款贴身必备的厚款羊绒衫 质量保证支持退换','2014-11-03 20:18:00',4),(38,'韩版黑色打底衫加厚修身羊毛衫女装羊绒衫',387,186,'products/1/cs40008.png',0,'本产品 不起球 不掉色 不缩水 是一款贴身必备的厚款羊绒衫 质量保证支持退换','2014-11-03 20:18:00',4),(39,'韩版黑色打底衫加厚修身羊毛衫女装羊绒衫',387,186,'products/1/cs40009.png',0,'本产品 不起球 不掉色 不缩水 是一款贴身必备的厚款羊绒衫 质量保证支持退换','2014-11-03 20:18:00',4),(40,'韩版黑色打底衫加厚修身羊毛衫女装羊绒衫',387,186,'products/1/cs40010.png',0,'本产品 不起球 不掉色 不缩水 是一款贴身必备的厚款羊绒衫 质量保证支持退换','2014-11-03 20:18:00',4),(41,'韩版黑色打底衫加厚修身羊毛衫女装羊绒衫',387,186,'products/1/cs40011.png',0,'本产品 不起球 不掉色 不缩水 是一款贴身必备的厚款羊绒衫 质量保证支持退换','2014-11-03 20:18:00',4),(42,'冬装外套棉衣立领修身商务大码男装潮牌上衣',899,358,'products/1/cs50001.png',0,'【型男卖点简介】该款凭借其独特的设计、精选的面料和一致的时尚理念，以质感都市，充满时尚感的设计风格， 简约毛呢大衣，修身不变形，不起球，国际大牌一样的面料！面料成分：77.8%聚酯纤维+22.2%粘纤 秋冬简约修身防静电呢风衣外套','2014-11-03 20:18:00',5),(43,'冬装外套棉衣立领修身商务大码男装潮牌上衣',899,358,'products/1/cs50002.png',0,'【型男卖点简介】该款凭借其独特的设计、精选的面料和一致的时尚理念，以质感都市，充满时尚感的设计风格， 简约毛呢大衣，修身不变形，不起球，国际大牌一样的面料！面料成分：77.8%聚酯纤维+22.2%粘纤 秋冬简约修身防静电呢风衣外套','2014-11-03 20:18:00',5),(44,'冬装外套棉衣立领修身商务大码男装潮牌上衣',899,358,'products/1/cs50003.png',0,'【型男卖点简介】该款凭借其独特的设计、精选的面料和一致的时尚理念，以质感都市，充满时尚感的设计风格， 简约毛呢大衣，修身不变形，不起球，国际大牌一样的面料！面料成分：77.8%聚酯纤维+22.2%粘纤 秋冬简约修身防静电呢风衣外套','2014-11-03 20:18:00',5),(45,'冬装外套棉衣立领修身商务大码男装潮牌上衣',899,358,'products/1/cs50004.png',0,'【型男卖点简介】该款凭借其独特的设计、精选的面料和一致的时尚理念，以质感都市，充满时尚感的设计风格， 简约毛呢大衣，修身不变形，不起球，国际大牌一样的面料！面料成分：77.8%聚酯纤维+22.2%粘纤 秋冬简约修身防静电呢风衣外套','2014-12-07 20:18:00',5),(46,'冬装外套棉衣立领修身商务大码男装潮牌上衣',899,358,'products/1/cs50005.png',0,'【型男卖点简介】该款凭借其独特的设计、精选的面料和一致的时尚理念，以质感都市，充满时尚感的设计风格， 简约毛呢大衣，修身不变形，不起球，国际大牌一样的面料！面料成分：77.8%聚酯纤维+22.2%粘纤 秋冬简约修身防静电呢风衣外套','2014-11-03 20:18:00',5),(47,'冬装外套棉衣立领修身商务大码男装潮牌上衣',899,358,'products/1/cs50006.png',0,'【型男卖点简介】该款凭借其独特的设计、精选的面料和一致的时尚理念，以质感都市，充满时尚感的设计风格， 简约毛呢大衣，修身不变形，不起球，国际大牌一样的面料！面料成分：77.8%聚酯纤维+22.2%粘纤 秋冬简约修身防静电呢风衣外套','2014-11-03 20:18:00',5),(48,'冬装外套棉衣立领修身商务大码男装潮牌上衣',899,358,'products/1/cs50007.png',0,'【型男卖点简介】该款凭借其独特的设计、精选的面料和一致的时尚理念，以质感都市，充满时尚感的设计风格， 简约毛呢大衣，修身不变形，不起球，国际大牌一样的面料！面料成分：77.8%聚酯纤维+22.2%粘纤 秋冬简约修身防静电呢风衣外套','2014-11-03 20:18:00',5),(49,'冬装外套棉衣立领修身商务大码男装潮牌上衣',899,358,'products/1/cs50008.png',0,'【型男卖点简介】该款凭借其独特的设计、精选的面料和一致的时尚理念，以质感都市，充满时尚感的设计风格， 简约毛呢大衣，修身不变形，不起球，国际大牌一样的面料！面料成分：77.8%聚酯纤维+22.2%粘纤 秋冬简约修身防静电呢风衣外套','2014-11-03 20:18:00',5),(50,'冬装外套棉衣立领修身商务大码男装潮牌上衣',899,358,'products/1/cs50009.png',0,'【型男卖点简介】该款凭借其独特的设计、精选的面料和一致的时尚理念，以质感都市，充满时尚感的设计风格， 简约毛呢大衣，修身不变形，不起球，国际大牌一样的面料！面料成分：77.8%聚酯纤维+22.2%粘纤 秋冬简约修身防静电呢风衣外套','2014-11-03 20:18:00',5),(51,'冬装外套棉衣立领修身商务大码男装潮牌上衣',899,358,'products/1/cs50010.png',0,'【型男卖点简介】该款凭借其独特的设计、精选的面料和一致的时尚理念，以质感都市，充满时尚感的设计风格， 简约毛呢大衣，修身不变形，不起球，国际大牌一样的面料！面料成分：77.8%聚酯纤维+22.2%粘纤 秋冬简约修身防静电呢风衣外套','2014-12-07 20:18:00',5),(52,'商务修身羊毛呢子风衣 中长款呢大衣外套',997,299,'products/1/cs60001.png',0,'冬装新品首发！大牌做工，顶级羊毛呢面料，穿着舒适保暖，冬季潮男必备品！新品预售价299元，预计涨到398！不要拿市场上那些低劣的毛呢大衣相比较，一分价钱一分货哦！买到就是赚到，支持7天无理由退换货，尺码不对，可享受免费换货！','2014-11-03 20:18:00',6),(53,'商务修身羊毛呢子风衣 中长款呢大衣外套',997,299,'products/1/cs60002.png',0,'冬装新品首发！大牌做工，顶级羊毛呢面料，穿着舒适保暖，冬季潮男必备品！新品预售价299元，预计涨到398！不要拿市场上那些低劣的毛呢大衣相比较，一分价钱一分货哦！买到就是赚到，支持7天无理由退换货，尺码不对，可享受免费换货！','2014-11-03 20:18:00',6),(54,'商务修身羊毛呢子风衣 中长款呢大衣外套',997,299,'products/1/cs60003.png',0,'冬装新品首发！大牌做工，顶级羊毛呢面料，穿着舒适保暖，冬季潮男必备品！新品预售价299元，预计涨到398！不要拿市场上那些低劣的毛呢大衣相比较，一分价钱一分货哦！买到就是赚到，支持7天无理由退换货，尺码不对，可享受免费换货！','2014-11-03 20:18:00',6),(55,'商务修身羊毛呢子风衣 中长款呢大衣外套',997,299,'products/1/cs60004.png',0,'冬装新品首发！大牌做工，顶级羊毛呢面料，穿着舒适保暖，冬季潮男必备品！新品预售价299元，预计涨到398！不要拿市场上那些低劣的毛呢大衣相比较，一分价钱一分货哦！买到就是赚到，支持7天无理由退换货，尺码不对，可享受免费换货！','2014-11-03 20:18:00',6),(56,'商务修身羊毛呢子风衣 中长款呢大衣外套',997,299,'products/1/cs60005.png',0,'冬装新品首发！大牌做工，顶级羊毛呢面料，穿着舒适保暖，冬季潮男必备品！新品预售价299元，预计涨到398！不要拿市场上那些低劣的毛呢大衣相比较，一分价钱一分货哦！买到就是赚到，支持7天无理由退换货，尺码不对，可享受免费换货！','2014-11-03 20:18:00',6),(57,'商务修身羊毛呢子风衣 中长款呢大衣外套',997,299,'products/1/cs60006.png',0,'冬装新品首发！大牌做工，顶级羊毛呢面料，穿着舒适保暖，冬季潮男必备品！新品预售价299元，预计涨到398！不要拿市场上那些低劣的毛呢大衣相比较，一分价钱一分货哦！买到就是赚到，支持7天无理由退换货，尺码不对，可享受免费换货！','2014-12-07 22:18:00',6),(58,'商务修身羊毛呢子风衣 中长款呢大衣外套',997,299,'products/1/cs60007.png',0,'冬装新品首发！大牌做工，顶级羊毛呢面料，穿着舒适保暖，冬季潮男必备品！新品预售价299元，预计涨到398！不要拿市场上那些低劣的毛呢大衣相比较，一分价钱一分货哦！买到就是赚到，支持7天无理由退换货，尺码不对，可享受免费换货！','2014-11-03 20:18:00',6),(59,'商务修身羊毛呢子风衣 中长款呢大衣外套',997,299,'products/1/cs60008.png',0,'冬装新品首发！大牌做工，顶级羊毛呢面料，穿着舒适保暖，冬季潮男必备品！新品预售价299元，预计涨到398！不要拿市场上那些低劣的毛呢大衣相比较，一分价钱一分货哦！买到就是赚到，支持7天无理由退换货，尺码不对，可享受免费换货！','2014-11-03 20:18:00',6),(60,'商务修身羊毛呢子风衣 中长款呢大衣外套',997,299,'products/1/cs60009.png',0,'冬装新品首发！大牌做工，顶级羊毛呢面料，穿着舒适保暖，冬季潮男必备品！新品预售价299元，预计涨到398！不要拿市场上那些低劣的毛呢大衣相比较，一分价钱一分货哦！买到就是赚到，支持7天无理由退换货，尺码不对，可享受免费换货！','2014-12-02 20:18:00',6),(61,'商务修身羊毛呢子风衣 中长款呢大衣外套',997,299,'products/1/cs60010.png',0,'冬装新品首发！大牌做工，顶级羊毛呢面料，穿着舒适保暖，冬季潮男必备品！新品预售价299元，预计涨到398！不要拿市场上那些低劣的毛呢大衣相比较，一分价钱一分货哦！买到就是赚到，支持7天无理由退换货，尺码不对，可享受免费换货！','2014-11-03 20:18:00',6),(62,'韩版修身羽绒服加厚保暖可脱卸帽',198,83,'products/1/cs70001.png',0,'羽绒棉服，保暖性比普通棉服高出3倍，价格合适，比羽绒服便宜3倍，超高性价比～～现亏本冲业绩，活动过后涨价为198元哦，亲们速抢～～！！','2014-11-03 20:18:00',7),(63,'韩版修身羽绒服加厚保暖可脱卸帽',198,83,'products/1/cs70002.png',0,'羽绒棉服，保暖性比普通棉服高出3倍，价格合适，比羽绒服便宜3倍，超高性价比～～现亏本冲业绩，活动过后涨价为198元哦，亲们速抢～～！！','2014-11-03 20:18:00',7),(64,'韩版修身羽绒服加厚保暖可脱卸帽',198,83,'products/1/cs70003.png',0,'羽绒棉服，保暖性比普通棉服高出3倍，价格合适，比羽绒服便宜3倍，超高性价比～～现亏本冲业绩，活动过后涨价为198元哦，亲们速抢～～！！','2014-11-03 20:18:00',7),(65,'韩版修身羽绒服加厚保暖可脱卸帽',198,83,'products/1/cs70004.png',0,'羽绒棉服，保暖性比普通棉服高出3倍，价格合适，比羽绒服便宜3倍，超高性价比～～现亏本冲业绩，活动过后涨价为198元哦，亲们速抢～～！！','2014-11-03 20:18:00',7),(66,'韩版修身羽绒服加厚保暖可脱卸帽',198,83,'products/1/cs70005.png',0,'羽绒棉服，保暖性比普通棉服高出3倍，价格合适，比羽绒服便宜3倍，超高性价比～～现亏本冲业绩，活动过后涨价为198元哦，亲们速抢～～！！','2014-11-03 20:18:00',7),(67,'韩版修身羽绒服加厚保暖可脱卸帽',198,83,'products/1/cs70006.png',0,'羽绒棉服，保暖性比普通棉服高出3倍，价格合适，比羽绒服便宜3倍，超高性价比～～现亏本冲业绩，活动过后涨价为198元哦，亲们速抢～～！！','2014-11-03 20:18:00',7),(68,'韩版修身羽绒服加厚保暖可脱卸帽',198,83,'products/1/cs70007.png',0,'羽绒棉服，保暖性比普通棉服高出3倍，价格合适，比羽绒服便宜3倍，超高性价比～～现亏本冲业绩，活动过后涨价为198元哦，亲们速抢～～！！','2014-12-04 20:18:00',7),(69,'韩版修身羽绒服加厚保暖可脱卸帽',198,83,'products/1/cs70008.png',0,'羽绒棉服，保暖性比普通棉服高出3倍，价格合适，比羽绒服便宜3倍，超高性价比～～现亏本冲业绩，活动过后涨价为198元哦，亲们速抢～～！！','2014-11-03 20:18:00',7),(70,'韩版修身羽绒服加厚保暖可脱卸帽',198,83,'products/1/cs70009.png',0,'羽绒棉服，保暖性比普通棉服高出3倍，价格合适，比羽绒服便宜3倍，超高性价比～～现亏本冲业绩，活动过后涨价为198元哦，亲们速抢～～！！','2014-11-03 20:18:00',7),(71,'韩版修身羽绒服加厚保暖可脱卸帽',198,83,'products/1/cs70010.png',0,'羽绒棉服，保暖性比普通棉服高出3倍，价格合适，比羽绒服便宜3倍，超高性价比～～现亏本冲业绩，活动过后涨价为198元哦，亲们速抢～～！！','2014-11-03 20:18:00',7),(72,'复仇者联盟3 Thanos灭霸无限手套 无限手套',199,199,'products/1/mieba.png',1,'复仇者联盟3 Thanos灭霸无限手套 无限手套','2018-01-03 20:18:00',20),(73,'Apple 苹果 iPhone X 全面屏手机 深空灰色 全网通 64GB',7578,7578,'products/1/iponex.png',1,'Apple 苹果 iPhone X 全面屏手机 深空灰色 全网通 64GB','2018-02-03 20:18:00',24),(74,'绝地求生三级头吃鸡3级头盔阿尔金头盔cos定制 3级头盔 3级头盔',138,138,'products/1/sanjitou.png',1,'绝地求生三级头吃鸡3级头盔阿尔金头盔cos定制 3级头盔 3级头盔','2018-03-03 20:18:00',5),(75,'吉利服 伪装衣 伪装网 野战CS伪装 伪装服 披风',185,185,'products/1/jilifu.png',1,'吉利服 伪装衣 伪装网 野战CS伪装 伪装服 披风','2018-03-03 20:18:00',17),(76,'绝地求生刺激战场平底锅大逃杀周边pubg吃鸡模型游戏同款道具cos 铁锅 均码',155,155,'products/1/pingdiguo.png',1,'绝地求生刺激战场平底锅大逃杀周边pubg吃鸡模型游戏同款道具cos 铁锅 均码','2018-03-03 20:18:00',21),(77,'AWM吃鸡同款水弹枪男孩儿童玩具枪绝地求生98K手动上膛可发射水晶弹下供弹狙击枪 官方标配+1万发水弹',90,90,'products/1/awm.png',1,'AWM吃鸡同款水弹枪男孩儿童玩具枪绝地求生98K手动上膛可发射水晶弹下供弹狙击枪 官方标配+1万发水弹','2018-03-03 20:18:00',21),(78,'联想(Lenovo)拯救者R720 15.6英寸大屏游戏笔记本电脑(i5-7300HQ 8G 1T+128G SSD GTX1050Ti 4G IPS 黑金)',5799,5799,'products/1/bijiben.png',1,'联想(Lenovo)拯救者R720 15.6英寸大屏游戏笔记本电脑(i5-7300HQ 8G 1T+128G SSD GTX1050Ti 4G IPS 黑金)','2018-03-03 20:18:00',26),(79,'吾尚 杯子 创意陶瓷杯带盖水杯 办公室茶杯子 仿搪瓷杯定制 怀旧经典款水杯子 革命尚未成功 400ML',12,12,'products/1/shuibei.png',1,'吾尚 杯子 创意陶瓷杯带盖水杯 办公室茶杯子 仿搪瓷杯定制 怀旧经典款水杯子 革命尚未成功 400ML','2018-03-03 20:18:00',19),(80,'五三 2019A版 高考理数（新课标专用）5年高考3年模拟 曲一线科学备考',54,54,'products/1/53.png',1,'五三 2019A版 高考理数（新课标专用）5年高考3年模拟 曲一线科学备考','2018-03-03 20:18:00',19),(81,'悦运动健身可组合电镀哑铃15公斤kg CY-015单只7.5公斤*2赠手套护腕连接器',150,150,'products/1/yaling.png',1,'悦运动健身可组合电镀哑铃15公斤kg CY-015单只7.5公斤*2赠手套护腕连接器','2018-03-03 20:18:00',18);

/*Table structure for table `user` */

DROP TABLE IF EXISTS `user`;

CREATE TABLE `user` (
  `uid` int(11) NOT NULL AUTO_INCREMENT,
  `username` varchar(255) DEFAULT NULL,
  `password` varchar(255) DEFAULT NULL,
  `name` varchar(255) DEFAULT NULL,
  `phone` varchar(255) DEFAULT NULL,
  `addr` varchar(255) DEFAULT NULL,
  `email` varchar(255) DEFAULT NULL,
  `sex` varchar(255) DEFAULT NULL,
  `state` int(11) DEFAULT NULL,
  `code` varchar(255) DEFAULT NULL,
  PRIMARY KEY (`uid`)
) ENGINE=InnoDB AUTO_INCREMENT=5 DEFAULT CHARSET=utf8;

/*Data for the table `user` */

insert  into `user`(`uid`,`username`,`password`,`name`,`phone`,`addr`,`email`,`sex`,`state`,`code`) values (1,'www','www','王文昊',NULL,NULL,NULL,NULL,NULL,NULL),(2,'awda','dawda','','','','',NULL,NULL,NULL),(3,'wangwenhao','152898','张鑫宇','18235430106','山西','710073113@qq.com','男',NULL,NULL),(4,'huluwa','123456','张鑫宇','45645654','465','957352719@qq.com','男',NULL,NULL);

/*!40101 SET SQL_MODE=@OLD_SQL_MODE */;
/*!40014 SET FOREIGN_KEY_CHECKS=@OLD_FOREIGN_KEY_CHECKS */;
/*!40014 SET UNIQUE_CHECKS=@OLD_UNIQUE_CHECKS */;
/*!40111 SET SQL_NOTES=@OLD_SQL_NOTES */;
